{
    "m_Version": 5,
    "m_TraderID": 1,
    "m_ClassName": "ExpansionP2PTraderIrena",
    "m_Position": [
        3697.77001953125,
        402.0119934082031,
        5971.1201171875
    ],
    "m_Orientation": [
        150.1320037841797,
        0.0,
        0.0
    ],
    "m_LoadoutFile": "YellowKingLoadout",
    "m_VehicleSpawnPosition": [
        3728.43994140625,
        401.6659851074219,
        6011.509765625
    ],
    "m_WatercraftSpawnPosition": [
        0.0,
        0.0,
        0.0
    ],
    "m_AircraftSpawnPosition": [
        0.0,
        0.0,
        0.0
    ],
    "m_DisplayName": "Unknown",
    "m_DisplayIcon": "Deliver",
    "m_IsGlobalTrader": 0
}